name,sequence
CAS421,GTTTGGTTTGTTTGCAACGGCAGTGACGGAGGTTGGGAGCCAGGCT
CAS008,TCCAGGCTTGTCCACAGTTGTAGTCTCCATGGGAGAAGCAGCTTCT
CAS023,CCGTGCAGCTTCAGCCTCTGCCGTCTCAGCTGAGCAAGCAGGAGGC
CAS007,CTTCTGCTTGCTGACAGCTGAGGTTCCTATTGCCAAGATCTCTGCA
CAS004,AGAAACAGCTCCAACTTCAGAGGTTGCTGCAGGATAAACTCAGAAA
CAS1056,CAACAGTTTGTGTGTAACAGGCGTTACAGTGGGGAGAAGCCAGGGTC
CAS031,AAGCACGACCTCCACAACAGAGGTTGCTGTTGTGGAGGTTgctcaa
CAS196,GGGGCTGCAGCTGCCAACTGCAGTCTCTGTAGGAAACAAACTTTCT
CAS024,gagaattgcttcaactgcagaggttgcagtgagccaagattgcacc
CAS4668,TTCAACTGGCTGTTCCTCTGCAGTCGCAGTTGGAGAGGCACTTTTG
CAS6055,agttgagccttgaacaacaggggtttcaactgtgtggatccacttat
CAS005,TGGCTCTGCTTTCACAACAGAGGTTTCATCAGTAACAACATATGTC
CAS965,CTTCACCACTCCTAACCACAGAAGCACCTGTTGTCAGCAAATTCAGA
CAS032,atgggtgatttgctcagtggcagtggcagtggcagaAGAAAGGGAA
CAS4310,ACTATGGTGTggcagctacagtggtagcagtggtggaagccatggat
CAS036,tgccagtttgtccaccactgaggtctcagttcctagcataGTGTCC
CAS985,CAGAAAGGATTCAACAGCTGCAGTCTCTAAAACTTACAAACCTTCT
CAS159,TTCTCTGGCTTCTCCACTTGGGGTGGCCGAGGTCAGGAGGGCCCAAG
CAS019,AAACAGGACTTGTTCAACAGAGGTCACCGTGGATGAAGTTCATAGA
CAS978,AGCCTCTCCTTCTCCATCTGCAGTTGCTGCAGTCGCATCTGTTGCT
CAS3104,TTGAGCTGATTGGCATAACAGCAGTACCTGTGGTTGAGAGTCCCCAG
CAS6083,TGTACCTGCTCCTCCAACAGCAGTTGCCTCCGTATAAGCTTAAAGCA
CAS1173,gaggttagctttgacatgggctgttgcagtggtcggtgactaggta
CAS027,actgttggctttgacaatagtagtttcagtggagtaatacatgtat
CAS5238,CTGAGGTGTCTTTTCAGCCGAAGTCCCTGTGGTGGGAACCACTGAT
CAS6093,gagaattgcttgaacctcggaggtggcggttgcagtgagctgagat
CAS441,GAGGGCTTTGTTGACAGCTGCTGTGTCAGCAGGGGACAAAGCACCTG
CAS153,agtgggttgtgtatacatctgctgttgcagatgtataagacgactta
CAS022,AAGATTGATCTCTGTGACAGTGGTCTTTGTAGTCAGCTAAATTTAA
CAS1451,GGTTCTGCCCTTCCACCTCTGCAGTCGCTGCTGTCACAGCTCCTTGA
CAS4013,aatctagatatttgaccactgctgttgctgtggcccaggcccaagcc
CAS6194,caacaaggacagtaccactgcagtggcagtggcagaggcagaggag
CAS4308,attgagacctttgacaatagaggagtctgttgtcaaggcagaggaga
CAS4702,attggtgattttgacaagagaagtttcagtggagtagtacagggaaaa
CAS4248,AGATGGACTCCTGACAAGGGAAGTAGCTGTGGGAGAAGCCTCCGGAG
CAS1991,GAACATCAGCTTACAGAACAGGAGTCTCAGTCGTCAGCCACTGAACA
CAS571,tacatggtggctgataactgaggtggcagaggtggaagccatgaag
CAS164,TGTCGCTTTGGTCACCACAGGTGTCTCTGTAACCTGCAAACTCTTA
CAS5757,CCTTCGTGTCTCAACAAGTGAGGTTGCCCTTGTGAGGACCAGTTCT
CAS1017,CTGACACGGCTTCAGCAGCAGAGGTACCTGTAATGGGAACTGCAATT
CAS2949,GTCTTTGAGTTTAGACCACTGCTGTCTCTGCTGCTGGTATTTTTTGA
CAS2853,ACACCACCCATATGGCAACGGAGGTGGCTGTGGTGAGGAGCACAAAG
CAS1364,CTTAATATTGTAAACTGCTGCTGTTGCTGTGGTTTCTATCCAGATA
CAS003,TTAGTGGATTCAGACAACTGCCGTGGCTGTGATTTAGGAATCCTGC
CAS3471,CATGTAGTGTCCCTTCCACTGATGTTTCTGATGGACACAAACCACCC
CAS3317,gatttctggcttgagcaacAGAGGTTGCTGAGGGTGGAAGAGCTCCC
CAS1230,AATTTGAGTTCCTGCCACAGAAGTGGCAGCAgtacaagctgtggta
CAS4174,TAATTAAGCTTTGACAACTGAAGTTTCTATGGATTGGGACCTCAAAA
CAS4247,CGAGGTGCCTTCCCCTGCAGTGGTCTCAGTGGTCTGGATGGAGGCA
CAS1341,ATTTTATATATGCACAACTGTGGTTTCTGTAGTCCAAACTCTATTT
CAS5381,GAAGCAGCTCCTGAACACAGCAGTCCCAGGTGTTGAAAAGCCAGGAG
CAS5264,ttctccagcctcaacctctgtagtctctgtagttgggactctaagt
CAS4562,CCTATTGTTTCCCCACTTCTGTGGTTACAGTGGTTAAGAGTACAGCT
CAS4514,AGGCCTGATGCAGGAGACAGCAGTGGCAGTGGTAGAAGCAGAAAGTG
CAS4378,ATTTAGCATTTCAACTACTGCTGTTCCTATGGCAGAAATCTAGGGC
CAS002,TACCCTGGCTTCTTCTACAGAGGTCTCTGTCTTTTAAATTTTGTCA
CAS2801,CTCATGCCTTTCCACAATTGAAGTGTCTGTTGCGTGGATCACCATCA
CAS5513,ACTGAGGGAGCTAGACCATAGCCGTCGCTGCTGTGAGACACAGGGAG
CAS013,AACAGTATTGAATGCAATTGATGTCACAGTTGTCAGAAAACTTCCT
CAS5105,AAAGAGATACTTGATAGCTGCTGTTTCCGTGGTTGAAATATTTGTG
CAS3396,TCCCTATGCTTCTTCAGCAACGGTCTCTATTGTCGGAGTCTGAGCT
CAS4079,cgcctgaatttgggcggcagaggttgcagttagccaagatcctgcc
CAS1945,CAGGTGGTTCCCTGATCATAGAGGTGGCAGTGGTGCAGCCAGTGCTA
CAS009,gattggtttggtcaccattgccgtctccactgtgtagacaagatat
CAS1823,gagtcacgttatcactacagcagtctctattgtttaatgccccactg
CAS1463,AATTAAACTTTATGGCAACAGCTGTCTCAGTTGTCGAATCAAAATTA
CAS4806,ctctgtgacttaaaggactgttgtctctattGTCTAAACCTATACAG
CAS1834,ATGAAAGTTTGTACATCACTGAAGTGGCAGTAGTCTGATCAGTTAGG
CAS1611,AAAAACAGATCTCTACCTCTGAGGTGGCAGTAATCCAAGCAGTTACT
CAS4025,TATAGCAGCTTCAACCATTGAAGTATCTGTTCTTAAGGAATAAAAGA
CAS4630,GCAGGAAAGAAAAACATCTGAGGTCTCAGTGGTCTGAAAGAATTAG
CAS2773,CCAGGTTTTGGTGGCCACagaagttgcggttggatacaaagaactt
CAS029,cccccttttttatacatctgatgttgctgttgaataaaccaggtca
CAS445,GAGAGGCATCTCTTCGATAGAGGTTTCTGAAGTGATGAAACCAAAC
CAS6354,AGTGGGGATCCAGGCTACAGGAGTGGCAGATGTCAGACCACCTCTC
CAS4716,TGTAGACTTTCTTACCACAGCTGTCACAGTTGGCAAAGGTAATGGT
CAS3819,TACGGTTTAGTTCACCACAGAGGTTGCCAGTGAGCAGTGCATAAGA
CAS6077,GGTATGTTTTCTCTCCTCTGGAGTCTCTGTGGTGTTGACACAGCAG
CAS5909,CTTATGTGATCCTGGCCTTAGAGGTGGCCATTGCAAAAGCCAGTATT
CAS6250,cagcaggggtagaaccactgctgtggcagtggcagaagggctgttg
CAS026,TCACCTGGTCCCAGCAACAGAAGTCTCAGCTGGACACACAACATGC
CAS5141,CTCAGTGATTTTAACGCCAGTTGTTTCAGTTGCTAAAACTAGTACC
CAS3427,cagcctgatttacaggagggaggtttcagttGATTAGATCAAGCTTA
CAS1488,cgcttgaacttggacagcagaggttgcagtgagccaagatcgcggc
CAS033,CTTGATTTCTTCTCCCTCAGCAGTGTCTGTGGCACAAGCATGCCTG
CAS964,ctctttctgctgttctaactgcagtctcggtggttagaatcactagg
CAS4464,gttacgtagaagtccaacagaggtctcagtggtctaaaatcaaggt
CAS2995,agcccctgcttgttctgctggagtctctgctgttgagtgcagtccc
CAS1950,TCTCCGCCCCTCTGCAACAGATGTTTCAGCCGTGTAAGACAAAGGC
CAS4893,GCTCTGAATTCCTGCAACAGCGGTCCCAGGAGAACAAGAGACAGGT
CAS446,TACTGGTTTATTTACTTCTGAGGTCTGAGTGGTGGAAGGATAGCCT
CAS3490,ACTGCATATTTTGACCACAGAGGTTTCTGATATCTAAATAATATTTA
CAS5607,ATAGGATTGGTTTTACAACTGAAGTCTCCAGAGTTCAAGATAAGCTC
CAS957,tcaTGCGTCTTCTCCTTTTGAGGTCACTGTAGTCATGACTCTTGCTC
CAS3508,agctatggagctcagaatagaggtctctgctggagacaaaaacttg
CAS955,GGACAGTTCTTCTACCATGGAAGTCTCTGTGGTTCCTTCTCAAGTG
CAS4864,TTGCTTACCTTAGACTTTTGAAGTCTCAGTTGTCTCATTGTGCAAC
CAS5699,ATGGTATGTCTTGACTTCAGCCGTGTCTGTATTTGACAAACTTCCA
CAS2894,tcgcattgctgtgacaattgctgttacagaaggagaagcagggagca
CAS5478,ATGGCATGCTTTGACAGCTGGGGTACCTGTTGAATAATTTCTCTGTC
CAS1103,CAATTGGTCTTTTACCTCAGGAGTCTCTGAGGTCATAAACTCTGTT
CAS1504,CCCCTGCGTCTACATGACCGAGGTCGCTGTGGTCTCGGCCTCCCTG
CAS1044,GGATGGTATTCATGCCATTGAGGTCACAGTGGTTTAACACAACAGCA
CAS5794,tagtgacagctgcggtagctgcggtagcagtggtggagtgacagctg
CAS5125,GTTTTTAGCTTTATCTATTGATGTCTCAGTAGACTGAAAACTTTCT